{
  "note": "Training convergence data extracted from completed DP histories. Selection score is lower-is-better. Clock-pre and LaDyP use two seeds where available; DP-Base is a single baseline run.",
  "epochs": [
    1,
    2,
    3,
    4,
    5,
    6,
    7,
    8,
    9,
    10,
    11,
    12,
    13,
    14,
    15,
    16,
    17,
    18,
    19,
    20,
    21,
    22,
    23,
    24,
    25,
    26,
    27,
    28,
    29,
    30
  ],
  "base_best_selection_score": 0.293946,
  "source_histories": {
    "DP-Base": [
      "/root/autodl-tmp/laDyP-VLA/outputs/dp/dp_base/history.json"
    ],
    "Clock-pre": [
      "/root/autodl-tmp/laDyP-VLA/outputs/dp_beta_horizon_closure_ablation_6gpu_20260524_115310/dp_pred_clock_seed1/history.json",
      "/root/autodl-tmp/laDyP-VLA/outputs/dp_beta_horizon_closure_ablation_6gpu_20260524_115310/dp_pred_clock_seed2/history.json"
    ],
    "LaDyP": [
      "/root/autodl-tmp/laDyP-VLA/outputs/dp_beta_horizon_closure_ablation_6gpu_20260524_115310/dp_ladyp_beta_horizon_adapter_seed1/history.json",
      "/root/autodl-tmp/laDyP-VLA/outputs/dp_beta_horizon_closure_ablation_6gpu_20260524_115310/dp_ladyp_beta_horizon_adapter_seed2/history.json"
    ]
  },
  "runs": {
    "DP-Base": [
      {
        "source": "/root/autodl-tmp/laDyP-VLA/outputs/dp/dp_base/history.json",
        "epochs": [
          1,
          2,
          3,
          4,
          5,
          6,
          7,
          8,
          9,
          10,
          11,
          12,
          13,
          14,
          15,
          16,
          17,
          18,
          19,
          20,
          21,
          22,
          23,
          24,
          25,
          26,
          27,
          28,
          29,
          30
        ],
        "selection_score": [
          0.5926342624709887,
          0.5159444162084702,
          0.4695899085673982,
          0.4399745544159676,
          0.4282858762607595,
          0.41046995533146663,
          0.39246297233655064,
          0.3844857548645195,
          0.3741852392149998,
          0.35260345524866576,
          0.3566462081106534,
          0.3425050913746489,
          0.33866714990046737,
          0.33578484581343304,
          0.32884058062916277,
          0.32685807539997724,
          0.3211885686847038,
          0.31720673481657413,
          0.32255155662607304,
          0.3107907008912832,
          0.30749076946687637,
          0.3098059444351859,
          0.30333583335402947,
          0.3025597915014327,
          0.2968938480702117,
          0.296866272119503,
          0.299249961049578,
          0.29576035148707003,
          0.2939457500042015,
          0.2967320373436695
        ]
      }
    ],
    "Clock-pre": [
      {
        "source": "/root/autodl-tmp/laDyP-VLA/outputs/dp_beta_horizon_closure_ablation_6gpu_20260524_115310/dp_pred_clock_seed1/history.json",
        "epochs": [
          1,
          2,
          3,
          4,
          5,
          6,
          7,
          8,
          9,
          10,
          11,
          12,
          13,
          14,
          15,
          16,
          17,
          18,
          19,
          20,
          21,
          22,
          23,
          24,
          25,
          26,
          27,
          28,
          29,
          30
        ],
        "selection_score": [
          0.595748264447763,
          0.49655555752925845,
          0.44794600775114,
          0.4052549948596149,
          0.38525848310489486,
          0.37614489172686905,
          0.35683955896283764,
          0.34085523013398367,
          0.34033208572132045,
          0.3260417575965645,
          0.3282939497661145,
          0.31676681695968706,
          0.3167381032955731,
          0.300301328723147,
          0.3012270181414447,
          0.29658578182486717,
          0.29881972011203006,
          0.2928646558113781,
          0.2889033538835418,
          0.2838655877214727,
          0.28156534001001465,
          0.2799853620433488,
          0.2749507330789521,
          0.27320993369184693,
          0.27522307747473523,
          0.2690136887306954,
          0.2746302955148796,
          0.2714305014769368,
          0.26799132027661965,
          0.2691467755413277
        ]
      },
      {
        "source": "/root/autodl-tmp/laDyP-VLA/outputs/dp_beta_horizon_closure_ablation_6gpu_20260524_115310/dp_pred_clock_seed2/history.json",
        "epochs": [
          1,
          2,
          3,
          4,
          5,
          6,
          7,
          8,
          9,
          10,
          11,
          12,
          13,
          14,
          15,
          16,
          17,
          18,
          19,
          20,
          21,
          22,
          23,
          24,
          25,
          26
        ],
        "selection_score": [
          0.5993581696532528,
          0.4926704770729121,
          0.42727695626005036,
          0.4108248708666751,
          0.3918023299090719,
          0.37319966183695397,
          0.35962542605740494,
          0.3454340634568341,
          0.3502170238339413,
          0.3422741411858065,
          0.3258946576897225,
          0.32313453932354796,
          0.3123730096459163,
          0.3022842085801159,
          0.3022973411185655,
          0.30089544732341084,
          0.29799179402573317,
          0.29504510133944334,
          0.2913025650844927,
          0.2826850461406463,
          0.28381249982579015,
          0.274474468573527,
          0.27790122288395197,
          0.2798828870855209,
          0.27886099919817586,
          0.2756226293552124
        ]
      }
    ],
    "LaDyP": [
      {
        "source": "/root/autodl-tmp/laDyP-VLA/outputs/dp_beta_horizon_closure_ablation_6gpu_20260524_115310/dp_ladyp_beta_horizon_adapter_seed1/history.json",
        "epochs": [
          1,
          2,
          3,
          4,
          5,
          6,
          7,
          8,
          9,
          10,
          11,
          12,
          13,
          14,
          15,
          16,
          17,
          18,
          19,
          20,
          21,
          22,
          23,
          24,
          25,
          26,
          27,
          28,
          29,
          30
        ],
        "selection_score": [
          0.5263394420557606,
          0.44167930321865234,
          0.38694020808620655,
          0.3656068155337727,
          0.34989137546457705,
          0.3374270483777327,
          0.33182575805175796,
          0.3193997429971507,
          0.3056344442130968,
          0.3001279763952162,
          0.29763626002263427,
          0.2929406431493927,
          0.29154766675680127,
          0.2882897362149005,
          0.2892352436282445,
          0.28355655773914523,
          0.27968393769108174,
          0.2775076239713465,
          0.27559037716748247,
          0.2727516927104947,
          0.26863294873088994,
          0.2687491770540964,
          0.2621652757040112,
          0.26649948948671603,
          0.26697774614609415,
          0.26417519474019874,
          0.2621652056431819,
          0.25945730260948824,
          0.2620562840471847,
          0.26406790336387387
        ]
      },
      {
        "source": "/root/autodl-tmp/laDyP-VLA/outputs/dp_beta_horizon_closure_ablation_6gpu_20260524_115310/dp_ladyp_beta_horizon_adapter_seed2/history.json",
        "epochs": [
          1,
          2,
          3,
          4,
          5,
          6,
          7,
          8,
          9,
          10,
          11,
          12,
          13,
          14,
          15,
          16,
          17,
          18,
          19,
          20,
          21,
          22,
          23,
          24,
          25,
          26,
          27,
          28,
          29,
          30
        ],